keyword,status
красивые женские имена,done
американские имена женские,done
необычные женские имена,done
женское имя на б,done
китайские имена женские,done
американские женские имена,exists
китайские женские имена,exists
татарские женские имена,valid
славянские женские имена,valid
славянские имена женские,valid
мусульманские женские имена,valid
красивые женские имена для девочек,valid
смешные женские имена,invalid
женские имена на букву а,valid
татарские имена женские,valid
арабские женские имена,valid
женские мусульманские имена,valid
женские американские имена,valid
самые красивые женские имена,valid
женские имена на м,valid
женские имена мусульманские,valid
арабские имена женские,valid
женские имена красивые редкие необычные,valid
женские имена американские,valid
мусульманские имена женские,valid
эльфийские имена женские,invalid
генератор женских имен,invalid
рандомайзер женских имен,invalid
женские татарские имена,valid
женские имена на букву м,valid
женские имена на букву в,valid
женские имена 2025,valid
женские имена на в,valid
красивые женские имена иностранные,valid
женские красивые имена,valid
женские имена на с,valid
песни с женскими именами,invalid
сильные женские имена,valid
старославянские женские имена,valid
женские славянские имена,valid
казахские имена женские,valid
казахские женские имена,valid
цыганские имена женские,valid
в каком женском имени 30 букв я,invalid
женские имена на к,valid
скандинавские женские имена,valid
женские китайские имена,valid
женские имена на д,valid
красивые женские имена мусульманские,valid
грузинские женские имена,valid
красивые имена женские,valid
красивое женское имя,valid
красивые женские имена русские,valid
женские имена на букву к,valid
короткие женские имена,valid
древнерусские имена женские,valid
женские имена необычные,valid
старорусские женские имена,valid
женские имена на букву с,valid
имена женские красивые,valid
женские имена на букву д,valid
мусульманские женские имена для девочек,valid
женские имена 2025 для ребенка девочек,invalid
женские имена на букву б,valid
древнерусские женские имена,valid
старославянские имена женские,valid
женские имена на б,valid
женские мусульманские имена для девочек,valid
женские имена редкие,valid
женские арабские имена,valid
женские имена русские красивые,valid
смешные имена женские,invalid
женские имена на л,valid
самые популярные женские имена,valid
необычные женские имена для девочек,valid
женские имена 2025 для ребенка,valid
рандомное женское имя,invalid
чеченские женские имена,valid
женские имена популярные,valid
женские имена на е,valid
старорусские имена женские,valid
грузинские имена женские,valid
женские имена красивые редкие,valid
женские имена татарские,valid
женские имена на р,valid
японские имена женские со значением,valid
египетские имена женские,valid
азербайджанские имена женские,valid
святцы женские имена по месяцам,valid
женские имена славянские,valid
женские имена 2024,valid
старинные женские имена,valid
женские имена и их значения,valid
имена на букву а женские,valid
женские имена со значением,valid
красивые женские имена для девочек редкие,valid
редкие женские имена красивые,valid
эльфийские женские имена,valid
имена женские американские,valid
святцы женские имена,valid
необычные имена женские,valid
топ женских имен,valid
японские женские имена со значением,valid
женские имена на и,valid
узбекские женские имена,valid
женские имена по алфавиту,valid
цыганские женские имена,valid
женские имена на п,valid
женские имена на букву р,valid
красивые японские имена женские,valid
женские имена иностранные,valid
имена американские женские,valid
женские имена на н,valid
азербайджанские женские имена,valid
женские имена на э,valid
японские женские имена и их значение,valid
красивые русские женские имена,valid
женские имена на букву л,valid
интересные женские имена,valid
самое красивое женское имя,valid
женские имена которые не заканчиваются на а и я,valid
красивые американские имена женские,valid
женские имена 2024 для ребенка девочек,valid
женские имена на букву е,valid
женские имена на букву н,valid
исламские женские имена,valid
женские имена на букву э,valid
женские казахские имена,valid
женские имена на букву п,valid
красивые иностранные имена женские,valid
чеченские имена женские,valid
список женских имен по алфавиту русские,valid
красивые редкие женские имена,valid
имена женские необычные,valid
женские имена на т,valid
современные женские имена,valid
бурятские женские имена,valid
бурятские имена женские,valid
счастливые женские имена и их значения,valid
женские имена русские православные,valid
осетинские женские имена,valid
красивые женские имена в россии,valid
значение женских имен,invalid
дагестанские женские имена,valid
женские имена на букву т,valid
старые женские имена,valid
женские имена 2024 для ребенка,valid
женские имена на ф,valid
имена на м женские,valid
женские необычные имена,valid
женские имена на о,valid
женские красивые имена для девочек,valid
женские имена необычные и красивые,valid
египетские женские имена,valid
самые красивые женские имена в мире,valid
женские имена мусульманские красивые,valid
женские имена с буквой р,valid
женские имена по святцам,valid
женские имена на г,valid
славянские женские имена для девочек,valid
красивые необычные женские имена,valid
корейские имена женские красивые,valid
красивые мусульманские женские имена,valid
женские имена на букву и,valid
женский стендап участницы с фото именами,invalid
женские имена на букву г,valid
странные женские имена,valid
красивые женские имена 2025,valid
женские имена русские красивые для ребенка девочек,valid
женские грузинские имена,valid
таджикские женские имена,valid
женские татарские имена для девочек,valid
женские имена русские список по алфавиту полный,valid
узбекские имена женские,valid
имена женские на а,valid
китайские женские имена со значением,valid
сербские женские имена,valid
красивые женские имена для девочек современные,valid
башкирские женские имена,valid
таджикские имена женские,valid
день ангела сегодня женские имена у кого по церковному,invalid
исламские имена женские,valid
финские женские имена,valid
женские эльфийские имена,valid
дагестанские имена женские,valid
красивые женские имена необычные,valid
женские имена в исламе,valid
женский стендап участницы имена и фото,invalid
женские имена не заканчивающиеся на а и я,valid
красивые китайские имена женские,valid
редкие женские имена русские,valid
татарские женские имена красивые,valid
